{"cameraMode":{"drawMode":0,"name":"Shaded","section":"Shading Mode"},"sceneLighting":true,"audioPlay":false,"sceneViewState":{"showFog":true,"showMaterialUpdate":false,"showSkybox":true,"showFlares":true,"showImageEffects":true,"showParticleSystems":true},"in2DMode":false,"pivot":{"x":-8.658839225769043,"y":0.9910286068916321,"z":3.476004123687744},"rotation":{"x":0.10081592202186585,"y":0.14160427451133729,"z":-0.014357895590364933,"w":0.9847604036331177},"size":2.8578836917877199,"orthographic":false}