{"cameraMode":{"drawMode":0,"name":"Shaded","section":"Shading Mode"},"sceneLighting":true,"audioPlay":false,"sceneViewState":{"showFog":true,"showMaterialUpdate":false,"showSkybox":true,"showFlares":true,"showImageEffects":true,"showParticleSystems":true},"in2DMode":false,"pivot":{"x":-10.808585166931153,"y":0.2985352873802185,"z":-13.466682434082032},"rotation":{"x":0.1657198965549469,"y":-0.735111653804779,"z":0.19401635229587556,"w":0.6281587481498718},"size":9.55112361907959,"orthographic":false}